{"cameraMode":{"drawMode":0,"name":"Shaded","section":"Shading Mode"},"sceneLighting":true,"audioPlay":false,"sceneViewState":{"m_AlwaysRefresh":false,"showFog":true,"showSkybox":true,"showFlares":true,"showImageEffects":true,"showParticleSystems":true,"showVisualEffectGraphs":true,"m_FxEnabled":true},"in2DMode":false,"pivot":{"x":125.44120025634766,"y":105.34893798828125,"z":-0.27838134765625},"rotation":{"x":-0.056894078850746158,"y":-0.048481907695531848,"z":0.0026684727054089309,"w":-0.9969540238380432},"size":146.4615020751953,"orthographic":false}