{"cameraMode":{"drawMode":0,"name":"Shaded","section":"Shading Mode"},"sceneLighting":true,"audioPlay":false,"sceneViewState":{"m_AlwaysRefresh":false,"showFog":true,"showSkybox":true,"showFlares":true,"showImageEffects":true,"showParticleSystems":true,"showVisualEffectGraphs":true,"m_FxEnabled":true},"in2DMode":false,"pivot":{"x":2.9830029010772707,"y":0.9447091817855835,"z":4.038764953613281},"rotation":{"x":-0.03293474018573761,"y":-0.9625192284584045,"z":0.22947295010089875,"w":-0.1393403559923172},"size":4.334242343902588,"orthographic":true}